Epoch,Training Loss,Validation Loss,Learning Rate
1,2.456,2.389,0.001
2,1.823,1.901,0.001
3,1.234,1.456,0.0005
4,0.891,1.123,0.0005
5,0.634,0.987,0.0001
6,0.498,0.854,0.0001
7,0.412,0.798,0.00005
8,0.367,0.765,0.00005
9,0.334,0.741,0.00005
10,0.309,0.728,0.00005
